{"cameraMode":{"drawMode":0,"name":"Shaded","section":"Shading Mode"},"sceneLighting":false,"audioPlay":false,"sceneViewState":{"showFog":true,"showMaterialUpdate":false,"showSkybox":false,"showFlares":true,"showImageEffects":true,"showParticleSystems":true},"in2DMode":false,"pivot":{"x":0.18458624184131623,"y":1.096571445465088,"z":-0.17247304320335389},"rotation":{"x":0.08928169310092926,"y":0.6966778039932251,"z":-0.08801862597465515,"w":0.7063666582107544},"size":2.853348731994629,"orthographic":false}