{"cameraMode":{"drawMode":0,"name":"Shaded","section":"Shading Mode"},"sceneLighting":true,"audioPlay":false,"sceneViewState":{"showFog":true,"showMaterialUpdate":false,"showSkybox":true,"showFlares":true,"showImageEffects":true,"showParticleSystems":true},"in2DMode":false,"pivot":{"x":4.487903594970703,"y":5.378207206726074,"z":-6.495511054992676},"rotation":{"x":0.1838204264640808,"y":-0.14154621958732606,"z":0.027018079534173013,"w":0.9723691344261169},"size":13.497710227966309,"orthographic":true}